Group,Ind,P1,P2,P3
A,B0858-Guatemala_S2_L001,0.000001,0.491778,0.508221
A,B10757-Nevada_S5_L001,0.000001,0.999999,0.000001
A,B10813-Texas_S6_L001,0.609124,0.390876,0.000001
A,B1249-Guatemala_S3_L001,0.000001,0.482385,0.517614
A,B5773-Brazil_S4_L001,0.999999,0.000001,0.000001
A,COCSP-34698-uu-CL-VEM,0.000001,0.000001,0.999999
A,COCSP-4545-uu-CL-VEM,0.000001,0.000001,0.999999
A,COCSP-GT120-uu-CL-USA,0.000001,0.682627,0.317372
A,COCSP-Silveira-xx-CL-USA-,0.000001,0.999998,0.000001
A,730332_S8_L001,0.000001,0.473933,0.526066
A,730333_S9_L001,0.000001,0.473972,0.526027
A,730334_S10_L001,0.999999,0.000001,0.000001
A,TGC0609_TAGTGACT_L001,0.000001,0.999999,0.000001
A,TGC0611_TACAGGAT_L001,0.000001,0.874097,0.125902
A,TGC0613_TTAGGCAT_L002,0.000001,0.999999,0.000001
A,TGC0614_TCCTCAAT_L001,0.000001,0.999999,0.000001
A,TGC0615_TGTGGTTG_L001,0.000001,0.999999,0.000001
A,TGC0618_TAGTCTTG_L001,0.000001,0.999998,0.000001
A,TGC0619_GGCTACAG_L004,0.000001,0.783218,0.216781
A,TGC0620_CTTGTACT_L004,0.000001,0.999999,0.000001
A,TGC0621_ACTTGATG_L004,0.000001,0.999999,0.000001
A,TGC0622_TTCCATTG_L001,0.000001,0.999999,0.000001
A,TGC0623_TGACCACT_L005,0.053977,0.946022,0.000001
A,TGC0625_TCGAAGTG_L001,0.000001,0.999999,0.000001
A,TGC0626_TAACGCTG_L002,0.000001,0.999999,0.000001
A,TGC0627_TGGTTGTT_L005,0.000001,0.999999,0.000001
A,TGC0629_TGAACTGG_L002,0.000001,0.999998,0.000001
A,TGC0630_TACTTCGG_L002,0.000001,0.973971,0.026029
A,TGC0632_TCAGGAGG_L002,0.000001,0.999999,0.000001
A,TGC0633_TAAGTTCG_L002,0.000001,0.999999,0.000001
A,TGC0634_TCTCGGTT_L005,0.000001,0.999999,0.000001
A,TGC0635_TCCAGTCG_L002,0.000001,0.93085,0.069149
A,TGC0637_TAAGCGTT_L005,0.000001,0.999999,0.000001
A,TGC0639_TGTATGCG_L002,0.000001,0.999999,0.000001
A,TGC0640_TCCGTCTT_L003,0.000001,0.999999,0.000001
A,TGC0646_TTCTGTGT_L004,0.999999,0.000001,0.000001
A,TGC0647_TCTGCTGT_L004,0.000001,0.999998,0.000001
A,TGC0651_TTGGAGGT_L005,0.999999,0.000001,0.000001
A,TGC0652_TCGAGCGT_L005,0.418411,0.554531,0.027057
A,TGC0653_TGATACGT_L005,0.000001,0.445772,0.554227
A,TGC0655_TTGACTCT_L002,0.999999,0.000001,0.000001
A,TGC0656_TGGCTCAG_L003,0.000001,0.999999,0.000001
A,TGC0657_TATGCCAG_L003,0.000001,0.999999,0.000001
A,TGC0658_TCAGATTC_L003,0.000001,0.999999,0.000001
A,TGC0659_TACTAGTC_L003,0.000001,0.999999,0.000001
A,TGC0660_TTCAGCTC_L003,0.000001,0.999999,0.000001
A,TGC0661_TAGCTTGT_L003,0.000001,0.999999,0.000001
A,TGC0662_CGATGTTT_L003,0.000001,0.999998,0.000001
A,TGC0663_GCCAATGT_L003,0.000001,0.999999,0.000001
A,TGC0664_ACAGTGGT_L003,0.000001,0.999999,0.000001
A,Coccidioides_spp_GT-162,0.000001,0.997033,0.002967
A,GT-002-Texas_S8_L001,0.999998,0.000001,0.000001
A,GT-017-Paraguay_S9_L001,0.827706,0.172293,0.000001
A,NACVFR_Cocci_2566_S83_L008,0.000001,0.000001,0.999999
A,NACVFR_Cocci_3490_S61_L006,0.000001,0.445736,0.554263
A,NACVFR_Cocci_3796_S49_L005,0.000001,0.000001,0.999999
A,NACVFR_Cocci_4542_S73_L007,0.000001,0.000001,0.999999
A,NACVFR_Cocci_4545PASSAGEBYMICE_S50_L005,0.000001,0.000001,0.999999
A,NACVFR_Cocci_J_TORRES_S77_L007,0.000001,0.000001,0.999999
A,TGC0648_S2_L001,0.999998,0.000001,0.000001
A,TGC0649_S3_L001,0.999998,0.000001,0.000001
A,TGC0650_S1_L001,0.690645,0.309354,0.000001